"Fri, Jan 1, 2016"
"Mon, Jan 18, 2016"
"Mon, Feb 15, 2016"
"Mon, May 30, 2016"
"Mon, Jul 4, 2016"
"Mon, Sep 5, 2016"
"Fri, Nov 11, 2016"
"Thu, Nov 24, 2016"
"Mon, Dec 26, 2016"
"Mon, Jan 2, 2017"
"Mon, Jan 16, 2017"
"Mon, Feb 20, 2017"
"Mon, May 29, 2017"
"Tue, Jul 4, 2017"
"Mon, Sep 4, 2017"
"Fri, Nov 10, 2017"
"Thu, Nov 23, 2017"
"Mon, Dec 25, 2017"
"Mon, Jan 1, 2018"
"Mon, Jan 15, 2018"
"Mon, Feb 19, 2018"
"Mon, May 28, 2018"
"Wed, Jul 4, 2018"
"Mon, Sep 3, 2018"
"Mon, Nov 12, 2018"
"Thu, Nov 22, 2018"
"Wed, Dec 5, 2018"
"Tue, Dec 25, 2018"
"Wed, Jan 1, 2020"
"Mon, Jan 20, 2020"
"Mon, Feb 17, 2020"
"Mon, May 25, 2020"
"Fri, Jul 3, 2020"
"Mon, Sep 7, 2020"
"Wed, Nov 11, 2020"
"Thu, Nov 26, 2020"
"Fri, Dec 25, 2020"
"Wed, Jan 1, 2020"